Discord,https://cdn.prod.website-files.com/6515a6d5f30daec433d0abe2/6515a6d5f30daec433d0ac3a_logo-box-discord.svg
Rakuten,https://cdn.prod.website-files.com/6515a6d5f30daec433d0abe2/6515a6d5f30daec433d0ac47_logo-box-rakuten.svg
Jasper,https://cdn.prod.website-files.com/6515a6d5f30daec433d0abe2/6515a6d5f30daec433d0acad_wf-app-3-jasper.jpeg
Finsweet,https://cdn.prod.website-files.com/6515a6d5f30daec433d0abe2/6515a6d5f30daec433d0ac6b_wf-app-2-finsweet.jpg
Phillips,https://cdn.prod.website-files.com/6515a6d5f30daec433d0abe2/6515a6d5f30daec433d0ac44_logo-box-philips.svg
Bbdo,https://cdn.prod.website-files.com/6515a6d5f30daec433d0abe2/6515a6d5f30daec433d0acbf_wf-marquee-bbdo.svg
Ideo,https://cdn.prod.website-files.com/6515a6d5f30daec433d0abe2/6515a6d5f30daec433d0acbe_wf-marquee-ideo.svg
Dropbox,https://cdn.prod.website-files.com/6515a6d5f30daec433d0abe2/6515a6d5f30daec433d0ac3c_logo-box-dropbox.svg
Mural,https://cdn.prod.website-files.com/6515a6d5f30daec433d0abe2/6515a6d5f30daec433d0ac3d_logo-box-mural.svg
Monday,https://cdn.prod.website-files.com/6515a6d5f30daec433d0abe2/6515a6d5f30daec433d0ac3e_logo-box-monday.svg
Upwrork,https://cdn.prod.website-files.com/6515a6d5f30daec433d0abe2/6515a6d5f30daec433d0ac45_logo-box-upwork.svg
Pwc,https://cdn.prod.website-files.com/6515a6d5f30daec433d0abe2/6515a6d5f30daec433d0ac43_logo-box-pwc.svg
Unsplash,https://cdn.prod.website-files.com/6515a6d5f30daec433d0abe2/6515a6d5f30daec433d0ac6c_wf-app-2-unsplash.jpg
Hubspot,https://cdn.prod.website-files.com/6515a6d5f30daec433d0abe2/6515a6d5f30daec433d0ac70_wf-app-2-hubspot-c.webp
Vaultflow,https://cdn.prod.website-files.com/6515a6d5f30daec433d0abe2/6515a6d5f30daec433d0ac50_localization-ui-nav-brand.svg
Webflow ,https://cdn.prod.website-files.com/6515a6d5f30daec433d0abe2/6515a6d5f30daec433d0ac53_wf-icon-logomark.svg
Ted,https://cdn.prod.website-files.com/6515a6d5f30daec433d0abe2/6515a6d5f30daec433d0ac41_logo-box-ted.svg
Vice,https://cdn.prod.website-files.com/6515a6d5f30daec433d0abe2/6515a6d5f30daec433d0ac46_logo-box-vice.svg
Orangetheory,https://cdn.prod.website-files.com/6515a6d5f30daec433d0abe2/6515a6d5f30daec433d0ac42_logo-box-orangetheory.svg
Greenhouse,https://cdn.prod.website-files.com/6515a6d5f30daec433d0abe2/6515a6d5f30daec433d0ac3f_logo-box-greenhouse.svg
New York Times,https://cdn.prod.website-files.com/6515a6d5f30daec433d0abe2/6515a6d5f30daec433d0ac40_logo-box-nyt.svg
Ncr,https://cdn.prod.website-files.com/6515a6d5f30daec433d0abe2/6515a6d5f30daec433d0ac3b_logo-box-ncr.svg
Typeform,https://cdn.prod.website-files.com/6515a6d5f30daec433d0abe2/6515a6d5f30daec433d0ac6f_wf-app-2-typeform.jpg
